ORIGIN,DEST,PASSENGERS,FARE,DISTANCE,COUPONS,YEAR,QUARTER
ABQ,ATL,8498,330.70649727325264,1727,2,2024,3
ABQ,AUS,3278,248.59921458348026,2095,2,2024,3
ABQ,BNA,43105,167.45280640545195,1531,1,2024,3
ABQ,BOI,12755,485.7879206194096,2547,2,2024,3
ABQ,BOS,2013,271.886091536751,1985,2,2024,3
ABQ,BUR,2006,410.61075817690534,2856,2,2024,3
ABQ,CLE,883,207.69572449613912,1437,2,2024,3
ABQ,CLT,6463,273.02907516259836,1720,1,2024,3
ABQ,CMH,4464,258.31192138592303,1417,2,2024,3
ABQ,CVG,476,256.4209575848728,1385,2,2024,3
ABQ,DCA,1638,319.5305056570832,1718,2,2024,3
ABQ,DEN,2604,232.17431151889454,2009,2,2024,3
ABQ,DFW,13855,266.5448013782904,1923,2,2024,3
ABQ,DTW,646,241.94096849752194,1356,2,2024,3
ABQ,EWR,12213,208.7310156445278,1840,2,2024,3
ABQ,FLL,5216,240.70201150575159,2308,2,2024,3
ABQ,IAD,439,347.8350498684579,1710,2,2024,3
ABQ,IAH,1370,273.2814130422518,2046,2,2024,3
ABQ,IND,6559,156.39478921663294,1299,1,2024,3
ABQ,JAX,2264,389.593154875891,2047,2,2024,3
ABQ,LAS,18941,482.29136076511463,2635,2,2024,3
ABQ,LAX,16309,388.7094558305279,2866,2,2024,3
ABQ,MCI,6630,224.66362562214792,1524,2,2024,3
ABQ,MCO,17429,289.4935408015063,2126,2,2024,3
ABQ,MKE,13648,273.8337624944205,1202,2,2024,3
ABQ,MSP,30851,178.70869411019405,1455,1,2024,3
ABQ,MSY,6937,374.59579468277883,1954,2,2024,3
ABQ,OAK,40523,453.3574386757085,2962,2,2024,3
ABQ,OMA,4596,223.06609296282718,1537,2,2024,3
ABQ,ONT,2576,555.5903185932846,2830,2,2024,3
ABQ,PDX,37027,347.21075093704474,2860,2,2024,3
ABQ,PHX,1854,332.95119132411804,2561,2,2024,3
ABQ,PIT,15925,313.8713902502888,1531,2,2024,3
ABQ,RDU,6605,370.02787097988585,1764,2,2024,3
ABQ,RNO,1407,324.0688211987234,2644,2,2024,3
ABQ,RSW,2467,434.0618977462725,2254,1,2024,3
ABQ,SAN,4065,404.55566184964334,2844,2,2024,3
ABQ,SAT,2837,246.37641848945185,2163,2,2024,3
ABQ,SEA,3167,436.0223077812206,2842,1,2024,3
ABQ,SFO,7395,402.34653100007074,2967,1,2024,3
ABQ,SJC,226,374.8604477827975,2950,2,2024,3
ABQ,SLC,3876,397.150650626302,2370,2,2024,3
ABQ,SMF,3023,326.10526598193604,2914,2,2024,3
ABQ,STL,6341,320.74636788140174,1379,2,2024,3
ABQ,TPA,22400,272.23125316370846,2132,1,2024,3
ABQ,TUS,12462,346.54759099249833,2488,2,2024,3
ATL,AUS,9729,185.02674312402897,1580,1,2024,3
ATL,BNA,107825,164.46280701595268,1016,2,2024,3
ATL,BOI,4684,364.96440966698907,2032,2,2024,3
ATL,BOS,1895,251.23029471916578,1470,2,2024,3
ATL,BUR,819,414.5600930342944,2341,2,2024,3
ATL,CLE,8208,232.8290443125352,922,2,2024,3
ATL,CLT,1246,280.17630249360667,1205,1,2024,3
ATL,CMH,2488,143.42134653571696,902,2,2024,3
ATL,CVG,5674,173.50243943853388,870,2,2024,3
ATL,DCA,28661,150.52836316060362,1203,1,2024,3
ATL,DEN,5957,222.68220039331686,1494,2,2024,3
ATL,DFW,13034,280.4362043563421,1408,1,2024,3
ATL,DTW,5874,183.1603328300841,841,2,2024,3
ATL,EWR,6783,173.3243209966194,1325,1,2024,3
ATL,FLL,6261,186.68570365813065,1793,2,2024,3
ATL,IAD,1381,220.2800918907982,1195,2,2024,3
ATL,IAH,675,296.7644220906769,1531,2,2024,3
ATL,IND,10801,138.36287080862982,784,1,2024,3
ATL,JAX,17113,286.70895898840985,1532,2,2024,3
ATL,LAS,7493,235.89167946149706,2120,2,2024,3
ATL,LAX,1062,491.0090123555058,2351,2,2024,3
ATL,MCI,1186,241.84505972776043,1009,2,2024,3
ATL,MCO,4113,282.62180256582855,1611,2,2024,3
ATL,MKE,35699,113.3943850431784,687,1,2024,3
ATL,MSP,809,236.44532602612355,940,1,2024,3
ATL,MSY,8318,318.8536019314316,1439,2,2024,3
ATL,OAK,8204,505.45869514156067,2447,1,2024,3
ATL,OMA,3616,161.5149253815146,1022,2,2024,3
ATL,ONT,2064,273.9077778909609,2315,2,2024,3
ATL,PDX,14576,480.17335372550616,2345,2,2024,3
ATL,PHX,1071,352.2615485073109,2046,1,2024,3
ATL,PIT,5080,139.61059511957058,1016,2,2024,3
ATL,RDU,6899,251.3716050481073,1249,1,2024,3
ATL,RNO,9355,301.68988549968867,2129,2,2024,3
ATL,RSW,8735,360.5114138962409,1739,1,2024,3
ATL,SAN,8719,365.4176748613614,2329,2,2024,3
ATL,SAT,9498,312.5674508074949,1648,1,2024,3
ATL,SEA,22157,464.8882869920124,2327,2,2024,3
ATL,SFO,1265,400.22172458921835,2452,2,2024,3
ATL,SJC,2828,367.0021134439423,2435,2,2024,3
ATL,SLC,11293,197.4714945067079,1855,2,2024,3
ATL,SMF,359,458.8682219485483,2399,2,2024,3
ATL,STL,4442,202.24208739215564,864,2,2024,3
ATL,TPA,801,292.43615337509505,1617,2,2024,3
ATL,TUS,4319,324.7580219783313,1973,2,2024,3
AUS,BNA,1518,276.77105231263414,1384,1,2024,3
AUS,BOI,193,451.61834706545744,2400,2,2024,3
AUS,BOS,5336,284.4064860688935,1838,2,2024,3
AUS,BUR,8604,385.2680563127235,2709,2,2024,3
AUS,CLE,14782,168.99064507123072,1290,2,2024,3
AUS,CLT,56997,293.2349805321004,1573,2,2024,3
AUS,CMH,7406,296.2917862449844,1270,1,2024,3
AUS,CVG,97325,205.64463071652955,1238,2,2024,3
AUS,DCA,18982,234.8892826495191,1571,1,2024,3
AUS,DEN,7850,295.13447346051055,1862,2,2024,3
AUS,DFW,12894,287.66717524859274,1776,2,2024,3
AUS,DTW,2762,198.74824286899167,1209,2,2024,3
AUS,EWR,620,305.83624692292216,1693,2,2024,3
AUS,FLL,35048,341.0280860031942,2161,1,2024,3
AUS,IAD,468,291.47540730191724,1563,2,2024,3
AUS,IAH,5438,200.40957037864467,1899,2,2024,3
AUS,IND,1639,273.3591525166672,1152,2,2024,3
AUS,JAX,43547,296.5154428453133,1900,2,2024,3
AUS,LAS,630,506.51757899771644,2488,2,2024,3
AUS,LAX,6149,284.8254917140919,2719,2,2024,3
AUS,MCI,1585,296.1487695464523,1377,2,2024,3
AUS,MCO,1666,228.412019715739,1979,2,2024,3
AUS,MKE,14428,212.47704539306199,1055,1,2024,3
AUS,MSP,13655,191.56790011148607,1308,2,2024,3
AUS,MSY,10373,347.02323226227736,1807,1,2024,3
AUS,OAK,3909,386.87489093635304,2815,1,2024,3
AUS,OMA,4810,210.8689660214834,1390,1,2024,3
AUS,ONT,2910,483.80720190058025,2683,1,2024,3
AUS,PDX,20967,293.87536014401826,2713,1,2024,3
AUS,PHX,28589,324.74755878246253,2414,1,2024,3
AUS,PIT,4163,218.53495899270234,1384,2,2024,3
AUS,RDU,6560,356.41693451091294,1617,2,2024,3
AUS,RNO,3318,421.48045029043885,2497,2,2024,3
AUS,RSW,892,374.92039139069624,2107,1,2024,3
AUS,SAN,652,498.1604751181808,2697,1,2024,3
AUS,SAT,3960,217.78604257924698,2016,2,2024,3
AUS,SEA,1050,393.27399137025515,2695,1,2024,3
AUS,SFO,1169,316.3103754474571,2820,1,2024,3
AUS,SJC,2491,461.53578475429657,2803,2,2024,3
AUS,SLC,5825,240.17072791673752,2223,1,2024,3
AUS,SMF,1885,483.27822437029425,2767,2,2024,3
AUS,STL,459,267.1314131089794,1232,1,2024,3
AUS,TPA,488,429.0724052750011,1985,1,2024,3
AUS,TUS,1373,437.38276593496596,2341,2,2024,3
BNA,BOI,2928,280.9645548317141,1836,1,2024,3
BNA,BOS,3920,143.85874196033117,1274,2,2024,3
BNA,BUR,896,229.02610155567743,2145,2,2024,3
BNA,CLE,6546,177.82213907589986,726,2,2024,3
BNA,CLT,1166,251.44278367441967,1009,2,2024,3
BNA,CMH,11359,118.40226509227253,706,1,2024,3
BNA,CVG,2210,92.88862211792252,674,1,2024,3
BNA,DCA,5646,129.6739240955164,1007,2,2024,3
BNA,DEN,4111,303.5869517831886,1298,2,2024,3
BNA,DFW,35571,207.8764045585709,1212,2,2024,3
BNA,DTW,17008,148.73331467120238,645,1,2024,3
BNA,EWR,107719,170.99492945547237,1129,2,2024,3
BNA,FLL,1200,258.78646605575784,1597,2,2024,3
BNA,IAD,1291,251.3401519410627,999,1,2024,3
BNA,IAH,5055,264.54287382956034,1335,2,2024,3
BNA,IND,16784,150.43295213047656,588,2,2024,3
BNA,JAX,1698,300.4929643541959,1336,1,2024,3
BNA,LAS,556,406.2038211235802,1924,1,2024,3
BNA,LAX,62929,227.183585275816,2155,2,2024,3
BNA,MCI,23664,219.83797251337057,813,2,2024,3
BNA,MCO,1995,258.3319449875194,1415,2,2024,3
BNA,MKE,3397,112.38971215569478,491,2,2024,3
BNA,MSP,25830,103.7775833388329,744,1,2024,3
BNA,MSY,4066,261.9332268858804,1243,1,2024,3
BNA,OAK,4328,441.6752981629224,2251,2,2024,3
BNA,OMA,813,218.19847134785655,826,2,2024,3
BNA,ONT,3258,268.65314628687486,2119,2,2024,3
BNA,PDX,403,243.48568918913742,2149,2,2024,3
BNA,PHX,27421,303.6189557166654,1850,1,2024,3
BNA,PIT,23659,169.40237989930688,820,2,2024,3
BNA,RDU,4464,247.13730349186062,1053,2,2024,3
BNA,RNO,10621,356.18986513060565,1933,2,2024,3
BNA,RSW,31430,190.2672929591878,1543,2,2024,3
BNA,SAN,19736,310.1807904309713,2133,2,2024,3
BNA,SAT,288,319.1668365226225,1452,2,2024,3
BNA,SEA,38411,310.988847529007,2131,2,2024,3
BNA,SFO,4508,445.7658309354049,2256,1,2024,3
BNA,SJC,313,340.12990623840733,2239,1,2024,3
BNA,SLC,3711,272.5170518813951,1659,2,2024,3
BNA,SMF,570,239.13071665939165,2203,2,2024,3
BNA,STL,11015,104.44515711899491,668,2,2024,3
BNA,TPA,6991,186.45055696935952,1421,2,2024,3
BNA,TUS,985,373.12446481892687,1777,2,2024,3
BOI,BOS,919,277.324378647245,2290,2,2024,3
BOI,BUR,8592,358.5457610225133,3161,2,2024,3
BOI,CLE,3435,224.08694913266916,1742,2,2024,3
BOI,CLT,853,323.10100828837847,2025,2,2024,3
BOI,CMH,1412,359.0041744726106,1722,1,2024,3
BOI,CVG,5561,189.31240660104763,1690,2,2024,3
BOI,DCA,10135,248.1482989014184,2023,2,2024,3
BOI,DEN,12567,326.49303891414405,2314,2,2024,3
BOI,DFW,415,339.5840140096127,2228,1,2024,3
BOI,DTW,31347,181.8406849157471,1661,2,2024,3
BOI,EWR,9579,341.01171656508455,2145,2,2024,3
BOI,FLL,6434,285.66276515415115,2613,2,2024,3
BOI,IAD,362,267.11213983282346,2015,2,2024,3
BOI,IAH,5474,237.8168369647508,2351,2,2024,3
BOI,IND,1529,192.9679373788256,1604,1,2024,3
BOI,JAX,796,390.34012541503773,2352,2,2024,3
BOI,LAS,3986,309.9691936332914,2940,2,2024,3
BOI,LAX,37141,503.48147050427906,3171,1,2024,3
BOI,MCI,851,249.81354487571224,1829,2,2024,3
BOI,MCO,3032,415.7822717662678,2431,2,2024,3
BOI,MKE,495,180.3843727837552,1507,2,2024,3
BOI,MSP,9386,234.23532692322678,1760,2,2024,3
BOI,MSY,1659,269.2894351817919,2259,1,2024,3
BOI,OAK,1103,337.8012199458178,3267,2,2024,3
BOI,OMA,6052,214.02161923490308,1842,2,2024,3
BOI,ONT,3741,628.8906389295697,3135,1,2024,3
BOI,PDX,1698,359.61798804820023,3165,2,2024,3
BOI,PHX,12527,568.6238317097108,2866,2,2024,3
BOI,PIT,329,355.63146376035553,1836,2,2024,3
BOI,RDU,9114,286.03363410772624,2069,2,2024,3
BOI,RNO,351,319.8202374205356,2949,2,2024,3
BOI,RSW,4336,332.4073583608244,2559,2,2024,3
BOI,SAN,3653,481.82349312013804,3149,2,2024,3
BOI,SAT,655,335.527149551686,2468,2,2024,3
BOI,SEA,18251,386.46362368254074,3147,2,2024,3
BOI,SFO,1698,579.0538079212566,3272,2,2024,3
BOI,SJC,98,431.38908659107494,3255,1,2024,3
BOI,SLC,1220,506.227840231398,2675,1,2024,3
BOI,SMF,7039,632.8993396015059,3219,2,2024,3
BOI,STL,1630,189.8659032622538,1684,1,2024,3
BOI,TPA,23254,277.99892212152525,2437,1,2024,3
BOI,TUS,5908,331.73902287167135,2793,2,2024,3
BOS,BUR,7290,445.8932561804327,2599,2,2024,3
BOS,CLE,2145,189.12153660645046,1180,1,2024,3
BOS,CLT,24450,237.13301598167877,1463,2,2024,3
BOS,CMH,2187,202.47121235895165,1160,2,2024,3
BOS,CVG,4147,164.18635613793123,1128,1,2024,3
BOS,DCA,49873,226.9226959998496,1461,2,2024,3
BOS,DEN,5744,206.50523689115573,1752,1,2024,3
BOS,DFW,12821,300.44543729888693,1666,2,2024,3
BOS,DTW,6703,217.5390662786224,1099,2,2024,3
BOS,EWR,2163,339.5707713831262,1583,1,2024,3
BOS,FLL,2025,266.1500832654877,2051,1,2024,3
BOS,IAD,1127,163.07066964585553,1453,2,2024,3
BOS,IAH,8275,257.70975780010104,1789,1,2024,3
BOS,IND,6654,138.01998338931156,1042,1,2024,3
BOS,JAX,2691,354.2590502867406,1790,2,2024,3
BOS,LAS,929,296.2573983241749,2378,1,2024,3
BOS,LAX,14868,455.72304097369164,2609,2,2024,3
BOS,MCI,30823,182.12678548924856,1267,2,2024,3
BOS,MCO,279,293.37116145881015,1869,1,2024,3
BOS,MKE,38049,134.42609541533398,945,2,2024,3
BOS,MSP,158136,138.43922337370083,1198,1,2024,3
BOS,MSY,4897,366.68598493531476,1697,2,2024,3
BOS,OAK,8300,474.1652739310393,2705,2,2024,3
BOS,OMA,5644,236.38584810397052,1280,2,2024,3
BOS,ONT,44018,519.3028081748255,2573,1,2024,3
BOS,PDX,1873,384.3449236976011,2603,2,2024,3
BOS,PHX,4385,382.96768340960364,2304,2,2024,3
BOS,PIT,20824,150.90403302737096,1274,2,2024,3
BOS,RDU,883,260.8299207857521,1507,1,2024,3
BOS,RNO,337,328.72771707558724,2387,2,2024,3
BOS,RSW,2437,254.79163273306906,1997,2,2024,3
BOS,SAN,49321,292.92440354055606,2587,2,2024,3
BOS,SAT,70,399.0926796365607,1906,2,2024,3
BOS,SEA,3718,419.44233901612097,2585,2,2024,3
BOS,SFO,2695,288.25855637048573,2710,1,2024,3
BOS,SJC,767,411.13127204416514,2693,2,2024,3
BOS,SLC,4119,263.4671534720768,2113,1,2024,3
BOS,SMF,3890,318.7189639963068,2657,2,2024,3
BOS,STL,3840,212.6818134764876,1122,2,2024,3
BOS,TPA,1785,363.11607567290235,1875,2,2024,3
BOS,TUS,75,324.2683517610468,2231,2,2024,3
BUR,CLE,20740,244.05979330000207,2051,2,2024,3
BUR,CLT,488,401.11309538586744,2334,2,2024,3
BUR,CMH,1256,211.5691843076452,2031,2,2024,3
BUR,CVG,16417,209.19966904552783,1999,2,2024,3
BUR,DCA,27171,291.8621687252875,2332,2,2024,3
BUR,DEN,1836,445.80853624003976,2623,2,2024,3
BUR,DFW,8405,276.3048057996978,2537,2,2024,3
BUR,DTW,11719,390.6999753695891,1970,2,2024,3
BUR,EWR,7855,425.2495742766849,2454,2,2024,3
BUR,FLL,9820,284.615272508273,2922,2,2024,3
BUR,IAD,2535,284.91170527394036,2324,2,2024,3
BUR,IAH,6579,382.91195526300015,2660,1,2024,3
BUR,IND,617,378.5116176956788,1913,2,2024,3
BUR,JAX,1402,432.930182535655,2661,2,2024,3
BUR,LAS,487,527.5564972677416,3249,2,2024,3
BUR,LAX,177,437.4737513294405,3480,1,2024,3
BUR,MCI,51393,401.8647938060931,2138,2,2024,3
BUR,MCO,3812,536.2451068379854,2740,1,2024,3
BUR,MKE,21110,278.6825616939176,1816,2,2024,3
BUR,MSP,6401,359.9591067277945,2069,2,2024,3
BUR,MSY,310,290.6414171919381,2568,1,2024,3
BUR,OAK,4147,401.18798354851134,3576,2,2024,3
BUR,OMA,6795,220.21722820624436,2151,1,2024,3
BUR,ONT,5411,425.867442111975,3444,2,2024,3
BUR,PDX,929,570.1241207309746,3474,1,2024,3
BUR,PHX,5923,508.75821347752367,3175,2,2024,3
BUR,PIT,17617,258.3073048390787,2145,1,2024,3
BUR,RDU,255,373.9713933149219,2378,2,2024,3
BUR,RNO,591,367.3314514293446,3258,1,2024,3
BUR,RSW,5338,353.27744405759154,2868,2,2024,3
BUR,SAN,1299,432.85683187912366,3458,2,2024,3
BUR,SAT,933,441.92313147790634,2777,2,2024,3
BUR,SEA,19595,572.0410111738638,3456,1,2024,3
BUR,SFO,1113,347.77133884127954,3581,2,2024,3
BUR,SJC,11533,561.7814607495181,3564,2,2024,3
BUR,SLC,187720,394.7745975716683,2984,1,2024,3
BUR,SMF,3492,371.71947928272175,3528,2,2024,3
BUR,STL,3828,361.6587495608353,1993,2,2024,3
BUR,TPA,57456,340.47559972392463,2746,1,2024,3
BUR,TUS,10417,387.49645019518357,3102,2,2024,3
CLE,CLT,17351,158.00690298481302,915,2,2024,3
CLE,CMH,3608,104.69024698867136,612,2,2024,3
CLE,CVG,10235,167.24345757665475,580,1,2024,3
CLE,DCA,9341,200.05971890757482,913,1,2024,3
CLE,DEN,20409,174.98034749034758,1204,2,2024,3
CLE,DFW,7684,155.5158044469198,1118,2,2024,3
CLE,DTW,5508,166.32920089273873,551,2,2024,3
CLE,EWR,797,250.76385378767324,1035,1,2024,3
CLE,FLL,19580,335.2689827457365,1503,2,2024,3
CLE,IAD,4209,151.50746804510428,905,1,2024,3
CLE,IAH,4218,145.1332469580846,1241,2,2024,3
CLE,IND,2102,83.22355669923198,494,2,2024,3
CLE,JAX,2537,193.4469702307167,1242,1,2024,3
CLE,LAS,3048,305.0774819395128,1830,1,2024,3
CLE,LAX,2085,283.9411953374104,2061,2,2024,3
CLE,MCI,6021,120.79417377554016,719,2,2024,3
CLE,MCO,15321,291.1104137486575,1321,2,2024,3
CLE,MKE,4564,141.70045606623935,397,1,2024,3
CLE,MSP,19946,191.78845291861376,650,2,2024,3
CLE,MSY,1856,203.6432252341587,1149,2,2024,3
CLE,OAK,33409,432.0491519562471,2157,1,2024,3
CLE,OMA,2067,142.95187935509708,732,1,2024,3
CLE,ONT,35691,261.06936296809005,2025,2,2024,3
CLE,PDX,536,277.9279908217973,2055,2,2024,3
CLE,PHX,1016,191.28362912159383,1756,2,2024,3
CLE,PIT,3829,138.14309588682846,726,2,2024,3
CLE,RDU,5732,144.3794814470118,959,1,2024,3
CLE,RNO,17660,394.0520510350711,1839,2,2024,3
CLE,RSW,2926,266.5804334531946,1449,2,2024,3
CLE,SAN,5178,349.5463029719217,2039,2,2024,3
CLE,SAT,8444,188.37075448273112,1358,2,2024,3
CLE,SEA,1584,389.7406819175959,2037,2,2024,3
CLE,SFO,1753,230.92707026862186,2162,1,2024,3
CLE,SJC,33973,386.34539039178856,2145,2,2024,3
CLE,SLC,1713,321.6640936982151,1565,2,2024,3
CLE,SMF,5469,355.92258836145874,2109,2,2024,3
CLE,STL,415,91.91676418387607,574,1,2024,3
CLE,TPA,1609,295.23731858542783,1327,1,2024,3
CLE,TUS,2255,350.14933955696233,1683,1,2024,3
CLT,CMH,10833,121.13337280804474,895,2,2024,3
CLT,CVG,82280,153.27603893792875,863,2,2024,3
CLT,DCA,3838,148.01125096195838,1196,2,2024,3
CLT,DEN,59541,284.7749055763184,1487,2,2024,3
CLT,DFW,3936,236.54443539719077,1401,2,2024,3
CLT,DTW,23984,204.07049549283707,834,2,2024,3
CLT,EWR,11219,190.17968377477337,1318,1,2024,3
CLT,FLL,64385,353.6445168249146,1786,2,2024,3
CLT,IAD,13812,242.2360837272298,1188,2,2024,3
CLT,IAH,8634,278.2657742070017,1524,1,2024,3
CLT,IND,3139,138.66993974726358,777,1,2024,3
CLT,JAX,5027,193.06564462340464,1525,1,2024,3
CLT,LAS,4212,214.04279617468958,2113,2,2024,3
CLT,LAX,27453,395.3964396156127,2344,1,2024,3
CLT,MCI,524,205.51450471654226,1002,2,2024,3
CLT,MCO,12356,321.0135291329994,1604,2,2024,3
CLT,MKE,5864,193.50379816627495,680,2,2024,3
CLT,MSP,42991,195.33955344957934,933,1,2024,3
CLT,MSY,2065,208.70060615318536,1432,1,2024,3
CLT,OAK,5397,258.4302289467959,2440,2,2024,3
CLT,OMA,24225,126.54678512719175,1015,1,2024,3
CLT,ONT,410,483.50556268979335,2308,1,2024,3
CLT,PDX,1744,431.91318563703817,2338,2,2024,3
CLT,PHX,7103,211.49149453165185,2039,2,2024,3
CLT,PIT,42229,213.27453842387268,1009,2,2024,3
CLT,RDU,3655,182.89812132536218,1242,1,2024,3
CLT,RNO,459,253.12508871026407,2122,1,2024,3
CLT,RSW,149,323.57522007639926,1732,2,2024,3
CLT,SAN,5815,402.1268523690818,2322,2,2024,3
CLT,SAT,1731,360.67378463269705,1641,2,2024,3
CLT,SEA,10698,340.15076070283084,2320,2,2024,3
CLT,SFO,3476,349.60713300833885,2445,2,2024,3
CLT,SJC,3767,483.1197633343275,2428,2,2024,3
CLT,SLC,5811,236.56266749268528,1848,2,2024,3
CLT,SMF,617,468.98664362076096,2392,2,2024,3
CLT,STL,35179,225.3709468179888,857,2,2024,3
CLT,TPA,6745,320.23055409394675,1610,1,2024,3
CLT,TUS,8004,374.21758359233775,1966,2,2024,3
CMH,CVG,5417,156.7233364019263,560,2,2024,3
CMH,DCA,11685,124.76092398186393,893,2,2024,3
CMH,DEN,1462,165.26943160368052,1184,2,2024,3
CMH,DFW,60113,136.56849312222107,1098,2,2024,3
CMH,DTW,14236,107.83948957503104,531,2,2024,3
CMH,EWR,1515,121.85712700496936,1015,2,2024,3
CMH,FLL,2046,268.99654731942115,1483,2,2024,3
CMH,IAD,106,196.18493649037273,885,1,2024,3
CMH,IAH,945,175.61734921384308,1221,1,2024,3
CMH,IND,3755,86.99993890025097,474,2,2024,3
CMH,JAX,38471,225.6874536966934,1222,2,2024,3
CMH,LAS,15042,256.8243692502357,1810,2,2024,3
CMH,LAX,2784,214.27780867579983,2041,2,2024,3
CMH,MCI,1450,136.22807057429574,699,2,2024,3
CMH,MCO,59821,276.2975443362913,1301,2,2024,3
CMH,MKE,10549,79.42883290748304,377,2,2024,3
CMH,MSP,32912,91.0937758320805,630,1,2024,3
CMH,MSY,16147,137.54770695334005,1129,2,2024,3
CMH,OAK,11497,389.5678395861289,2137,1,2024,3
CMH,OMA,7279,131.58810726239813,712,1,2024,3
CMH,ONT,29105,308.57495478481445,2005,2,2024,3
CMH,PDX,5426,329.8341302779236,2035,1,2024,3
CMH,PHX,1518,360.983304737678,1736,2,2024,3
CMH,PIT,1952,199.4788538111627,706,2,2024,3
CMH,RDU,8838,199.602864734786,939,2,2024,3
CMH,RNO,1706,306.9903467564381,1819,1,2024,3
CMH,RSW,4270,190.39172962542963,1429,2,2024,3
CMH,SAN,4830,221.47772078114676,2019,2,2024,3
CMH,SAT,2742,293.6507669910309,1338,1,2024,3
CMH,SEA,330,377.9480099609939,2017,2,2024,3
CMH,SFO,641,457.52633763961535,2142,2,2024,3
CMH,SJC,448,425.0556850538775,2125,2,2024,3
CMH,SLC,50436,256.42949504910007,1545,1,2024,3
CMH,SMF,2026,427.1344291767241,2089,2,2024,3
CMH,STL,10732,166.55366599794573,554,2,2024,3
CMH,TPA,379,247.87152651541663,1307,2,2024,3
CMH,TUS,1578,317.6050225488496,1663,1,2024,3
CVG,DCA,7304,129.3632114015884,861,2,2024,3
CVG,DEN,3882,168.99902195652325,1152,1,2024,3
CVG,DFW,23427,187.92696877605943,1066,2,2024,3
CVG,DTW,22600,91.29040249571383,499,2,2024,3
CVG,EWR,296,247.8299949275479,983,2,2024,3
CVG,FLL,578,295.56463754310477,1451,2,2024,3
CVG,IAD,23013,224.86154754253366,853,2,2024,3
CVG,IAH,4527,186.8230176278242,1189,1,2024,3
CVG,IND,588,107.64692035048998,442,2,2024,3
CVG,JAX,38319,160.72454387464248,1190,2,2024,3
CVG,LAS,14442,192.0782295977743,1778,1,2024,3
CVG,LAX,2490,400.3329074287631,2009,1,2024,3
CVG,MCI,90917,151.9235852369229,667,1,2024,3
CVG,MCO,2735,185.24796113412532,1269,2,2024,3
CVG,MKE,3005,102.81911588743546,345,1,2024,3
CVG,MSP,12107,116.0281338735753,598,2,2024,3
CVG,MSY,3574,133.18903529433055,1097,2,2024,3
CVG,OAK,15947,321.9034242518446,2105,2,2024,3
CVG,OMA,6783,143.58576796944857,680,2,2024,3
CVG,ONT,21265,247.03879674462132,1973,2,2024,3
CVG,PDX,847,428.55092936616563,2003,2,2024,3
CVG,PHX,1582,354.87587271519004,1704,2,2024,3
CVG,PIT,71227,164.1367077018883,674,1,2024,3
CVG,RDU,5055,174.36499161207885,907,2,2024,3
CVG,RNO,6974,368.9265872764418,1787,2,2024,3
CVG,RSW,21181,189.89963213427131,1397,2,2024,3
CVG,SAN,23935,292.79299933350836,1987,2,2024,3
CVG,SAT,6352,309.9830443130498,1306,2,2024,3
CVG,SEA,1301,427.0372799140669,1985,2,2024,3
CVG,SFO,6532,349.7754642649261,2110,1,2024,3
CVG,SJC,7596,422.4709971532111,2093,2,2024,3
CVG,SLC,24023,311.7438450527343,1513,1,2024,3
CVG,SMF,639,397.2464028217577,2057,2,2024,3
CVG,STL,3221,127.91300159544808,522,2,2024,3
CVG,TPA,4870,194.8127387758039,1275,2,2024,3
CVG,TUS,44105,248.38519731531946,1631,2,2024,3
DCA,DEN,1132,203.1060565324172,1485,2,2024,3
DCA,DFW,47363,260.4956452708598,1399,2,2024,3
DCA,DTW,18348,150.41368104164462,832,1,2024,3
DCA,EWR,94,149.80919865797927,1316,2,2024,3
DCA,FLL,125366,265.1776472071753,1784,2,2024,3
DCA,IAD,18703,228.15384595682818,1186,1,2024,3
DCA,IAH,156719,314.15440180392955,1522,1,2024,3
DCA,IND,12594,127.95437472832863,775,1,2024,3
DCA,JAX,6151,174.15427021103855,1523,1,2024,3
DCA,LAS,1301,330.22369759711705,2111,2,2024,3
DCA,LAX,2648,307.1714603723799,2342,2,2024,3
DCA,MCI,5283,161.33784708521648,1000,2,2024,3
DCA,MCO,32551,308.35227145906106,1602,2,2024,3
DCA,MKE,924,110.98862284390049,678,2,2024,3
DCA,MSP,2880,136.6777676714694,931,2,2024,3
DCA,MSY,1636,255.693110295812,1430,2,2024,3
DCA,OAK,6517,503.6801843051083,2438,2,2024,3
DCA,OMA,5644,126.05028330925822,1013,2,2024,3
DCA,ONT,31219,477.37799997260714,2306,2,2024,3
DCA,PDX,4341,291.4954482161371,2336,2,2024,3
DCA,PHX,4287,350.0257938858288,2037,2,2024,3
DCA,PIT,624,226.26398321940906,1007,2,2024,3
DCA,RDU,1426,269.98858121641535,1240,2,2024,3
DCA,RNO,1469,365.002222745239,2120,2,2024,3
DCA,RSW,6130,301.20827209120176,1730,2,2024,3
DCA,SAN,10438,286.82188027984853,2320,2,2024,3
DCA,SAT,7504,177.34093312472822,1639,2,2024,3
DCA,SEA,17126,290.60460724913474,2318,2,2024,3
DCA,SFO,111120,403.4123993459897,2443,2,2024,3
DCA,SJC,1208,355.63796211474056,2426,1,2024,3
DCA,SLC,47158,340.4722110460742,1846,1,2024,3
DCA,SMF,9471,309.6298499978741,2390,2,2024,3
DCA,STL,46405,117.27715911073224,855,1,2024,3
DCA,TPA,1685,214.12675158805519,1608,2,2024,3
DCA,TUS,880,215.8424027165631,1964,2,2024,3
DEN,DFW,5728,354.9471946684293,1690,2,2024,3
DEN,DTW,391,208.10742451457978,1123,2,2024,3
DEN,EWR,25440,363.12144198315866,1607,2,2024,3
DEN,FLL,657,342.72179343490996,2075,1,2024,3
DEN,IAD,1401,261.289062752077,1477,1,2024,3
DEN,IAH,3710,224.81524420577233,1813,2,2024,3
DEN,IND,5201,138.30453913691548,1066,2,2024,3
DEN,JAX,483,349.3038399029435,1814,2,2024,3
DEN,LAS,20734,487.6549005285841,2402,2,2024,3
DEN,LAX,10059,373.0789220396595,2633,2,2024,3
DEN,MCI,24890,228.84776696206947,1291,2,2024,3
DEN,MCO,4989,213.7733820842201,1893,1,2024,3
DEN,MKE,4929,220.4245043342654,969,1,2024,3
DEN,MSP,3209,143.33646178111135,1222,2,2024,3
DEN,MSY,1240,197.54969391988786,1721,1,2024,3
DEN,OAK,547,431.4754158592862,2729,2,2024,3
DEN,OMA,770,243.7445743618402,1304,2,2024,3
DEN,ONT,159,519.1391305546094,2597,2,2024,3
DEN,PDX,4561,366.8830813675089,2627,1,2024,3
DEN,PHX,3478,459.2745211630319,2328,1,2024,3
DEN,PIT,1480,157.3519613445005,1298,2,2024,3
DEN,RDU,17865,196.04891971411743,1531,2,2024,3
DEN,RNO,4208,411.5197162278544,2411,1,2024,3
DEN,RSW,3979,235.7768938163564,2021,1,2024,3
DEN,SAN,3885,430.5350538749481,2611,1,2024,3
DEN,SAT,13756,236.50764594922575,1930,2,2024,3
DEN,SEA,816,360.9115184364873,2609,2,2024,3
DEN,SFO,2552,272.46317262356956,2734,2,2024,3
DEN,SJC,4392,553.7782123840454,2717,2,2024,3
DEN,SLC,8929,290.95034865811755,2137,2,2024,3
DEN,SMF,985,450.77036615731475,2681,2,2024,3
DEN,STL,3250,224.2121066419528,1146,2,2024,3
DEN,TPA,2929,207.44604439604927,1899,1,2024,3
DEN,TUS,37747,239.23955828434808,2255,2,2024,3
DFW,DTW,1607,218.7004995560995,1037,2,2024,3
DFW,EWR,2562,257.5246665899113,1521,1,2024,3
DFW,FLL,7769,272.8034361989432,1989,2,2024,3
DFW,IAD,24065,243.30466748137235,1391,2,2024,3
DFW,IAH,519,255.7499323357392,1727,2,2024,3
DFW,IND,2879,228.2762810376065,980,1,2024,3
DFW,JAX,1699,184.10345949054548,1728,2,2024,3
DFW,LAS,82,428.9953910385684,2316,2,2024,3
DFW,LAX,438,252.39650583548334,2547,2,2024,3
DFW,MCI,5311,288.14402616439713,1205,1,2024,3
DFW,MCO,3942,210.21360580408404,1807,2,2024,3
DFW,MKE,9619,165.86375127837715,883,1,2024,3
DFW,MSP,3872,152.7896537646265,1136,2,2024,3
DFW,MSY,994,317.569849962301,1635,2,2024,3
DFW,OAK,515,391.9643803903536,2643,1,2024,3
DFW,OMA,358,277.3050660660131,1218,1,2024,3
DFW,ONT,1478,439.32838795385913,2511,2,2024,3
DFW,PDX,19195,320.7541577412676,2541,1,2024,3
DFW,PHX,102595,391.6162202724263,2242,1,2024,3
DFW,PIT,1626,236.35257814620715,1212,2,2024,3
DFW,RDU,4232,183.2182038260217,1445,1,2024,3
DFW,RNO,1303,365.116809557896,2325,2,2024,3
DFW,RSW,2332,213.62691886028475,1935,2,2024,3
DFW,SAN,5322,517.2159948797732,2525,1,2024,3
DFW,SAT,534,265.78999373236326,1844,1,2024,3
DFW,SEA,939,433.5760774089595,2523,2,2024,3
DFW,SFO,23888,335.41077958464274,2648,2,2024,3
DFW,SJC,11861,280.0454577835832,2631,1,2024,3
DFW,SLC,17973,355.26430080729966,2051,2,2024,3
DFW,SMF,1296,312.4483012459788,2595,2,2024,3
DFW,STL,29580,215.31986698199066,1060,2,2024,3
DFW,TPA,9292,196.27157547309488,1813,1,2024,3
DFW,TUS,1536,460.44815503477133,2169,2,2024,3
DTW,EWR,16225,191.77350305754229,954,1,2024,3
DTW,FLL,9045,177.05843638259066,1422,2,2024,3
DTW,IAD,20157,214.7544738973938,824,2,2024,3
DTW,IAH,841,198.94833924015225,1160,2,2024,3
DTW,IND,211,144.80610432469047,413,2,2024,3
DTW,JAX,2894,266.85409768609514,1161,2,2024,3
DTW,LAS,2663,241.35716510997833,1749,1,2024,3
DTW,LAX,3139,375.04004696594376,1980,2,2024,3
DTW,MCI,6163,173.84266948301297,638,1,2024,3
DTW,MCO,10904,167.37827149646216,1240,2,2024,3
DTW,MKE,23453,130.8017307991958,316,1,2024,3
DTW,MSP,7347,160.17811905238358,569,2,2024,3
DTW,MSY,1518,196.81017262103828,1068,1,2024,3
DTW,OAK,6411,350.6518409360225,2076,2,2024,3
DTW,OMA,51839,120.18152606637383,651,2,2024,3
DTW,ONT,12488,342.49489180419306,1944,1,2024,3
DTW,PDX,7146,237.55308050861433,1974,2,2024,3
DTW,PHX,2948,336.3542505147912,1675,2,2024,3
DTW,PIT,1126,145.754258032889,645,1,2024,3
DTW,RDU,670,152.92203727281318,878,1,2024,3
DTW,RNO,7859,298.3767609023128,1758,2,2024,3
DTW,RSW,1242,314.05681320189314,1368,2,2024,3
DTW,SAN,10668,274.0019467133592,1958,2,2024,3
DTW,SAT,11922,304.26399262348934,1277,2,2024,3
DTW,SEA,2306,301.4867350763019,1956,1,2024,3
DTW,SFO,5651,303.68246580628727,2081,2,2024,3
DTW,SJC,16341,374.03328787933543,2064,2,2024,3
DTW,SLC,409,304.56842185414183,1484,2,2024,3
DTW,SMF,26808,343.39601362558386,2028,2,2024,3
DTW,STL,1730,127.06082418852384,493,2,2024,3
DTW,TPA,5320,229.15432163033154,1246,2,2024,3
DTW,TUS,18744,221.8570969950869,1602,1,2024,3
EWR,FLL,9812,306.2030590083759,1906,2,2024,3
EWR,IAD,3125,274.8258227063915,1308,1,2024,3
EWR,IAH,2044,329.1029667713541,1644,2,2024,3
EWR,IND,727,151.7370445431775,897,2,2024,3
EWR,JAX,3017,190.71579704218985,1645,2,2024,3
EWR,LAS,39056,476.51965977800177,2233,1,2024,3
EWR,LAX,10392,419.67355054025995,2464,2,2024,3
EWR,MCI,25188,146.7276754336754,1122,2,2024,3
EWR,MCO,9659,352.39872890726184,1724,2,2024,3
EWR,MKE,68149,123.74682636600907,800,2,2024,3
EWR,MSP,40841,170.64752870602172,1053,2,2024,3
EWR,MSY,4983,221.82474360368937,1552,1,2024,3
EWR,OAK,284,324.1366418134835,2560,2,2024,3
EWR,OMA,8716,198.59151864847647,1135,2,2024,3
EWR,ONT,1814,275.40377870712524,2428,2,2024,3
EWR,PDX,3871,362.0288146993059,2458,1,2024,3
EWR,PHX,57581,405.6397814561377,2159,2,2024,3
EWR,PIT,902,241.3280407653339,1129,2,2024,3
EWR,RDU,6344,312.75185977924264,1362,2,2024,3
EWR,RNO,3471,290.1236650712827,2242,2,2024,3
EWR,RSW,2972,387.94299760083766,1852,2,2024,3
EWR,SAN,15882,363.55100444338655,2442,1,2024,3
EWR,SAT,1209,196.5891874357801,1761,2,2024,3
EWR,SEA,106,335.21543379322503,2440,1,2024,3
EWR,SFO,15193,256.7067290930161,2565,2,2024,3
EWR,SJC,4460,515.6591672743142,2548,2,2024,3
EWR,SLC,8747,296.1855169490096,1968,2,2024,3
EWR,SMF,13279,301.70354564566645,2512,2,2024,3
EWR,STL,614,179.1384552590059,977,1,2024,3
EWR,TPA,357,203.83285934970533,1730,2,2024,3
EWR,TUS,23148,264.3577443223639,2086,2,2024,3
FLL,IAD,5450,294.35569328065867,1776,2,2024,3
FLL,IAH,22596,421.20863083996204,2112,1,2024,3
FLL,IND,5256,242.62677669428618,1365,2,2024,3
FLL,JAX,2326,323.7893941939511,2113,2,2024,3
FLL,LAS,7765,400.2472122252377,2701,2,2024,3
FLL,LAX,15654,490.55774243195145,2932,2,2024,3
FLL,MCI,4162,323.9055928237342,1590,2,2024,3
FLL,MCO,1353,232.1395896300705,2192,1,2024,3
FLL,MKE,1530,168.14962912789835,1268,2,2024,3
FLL,MSP,1216,303.5318880821771,1521,2,2024,3
FLL,MSY,6549,410.43178751026164,2020,1,2024,3
FLL,OAK,2762,368.31904154933846,3028,2,2024,3
FLL,OMA,15172,274.09981420145584,1603,2,2024,3
FLL,ONT,3589,311.8063241654078,2896,2,2024,3
FLL,PDX,2128,529.6747405145339,2926,1,2024,3
FLL,PHX,22589,315.20692922543776,2627,2,2024,3
FLL,PIT,16017,280.8037287452183,1597,2,2024,3
FLL,RDU,1480,360.8141259459561,1830,2,2024,3
FLL,RNO,4466,310.0517196222581,2710,2,2024,3
FLL,RSW,14497,438.28562198713814,2320,2,2024,3
FLL,SAN,2441,338.27404465905596,2910,1,2024,3
FLL,SAT,2201,388.4158396097031,2229,2,2024,3
FLL,SEA,88998,305.91106507789146,2908,1,2024,3
FLL,SFO,813,555.8997756251023,3033,2,2024,3
FLL,SJC,3580,612.6437780940113,3016,2,2024,3
FLL,SLC,7951,413.43253620823134,2436,2,2024,3
FLL,SMF,3046,338.2210689575508,2980,2,2024,3
FLL,STL,17697,256.41953577985174,1445,2,2024,3
FLL,TPA,9624,239.5636879980775,2198,1,2024,3
FLL,TUS,6576,302.98288786552484,2554,1,2024,3
IAD,IAH,5194,293.815241268039,1514,2,2024,3
IAD,IND,29114,152.96775069153358,767,1,2024,3
IAD,JAX,167,253.90675621809558,1515,1,2024,3
IAD,LAS,1621,292.73480416244564,2103,2,2024,3
IAD,LAX,14235,257.6307351288383,2334,2,2024,3
IAD,MCI,9160,137.52715611935872,992,2,2024,3
IAD,MCO,45508,294.58311142420024,1594,2,2024,3
IAD,MKE,2487,128.03975443031914,670,1,2024,3
IAD,MSP,7392,194.0877521219381,923,2,2024,3
IAD,MSY,3890,273.801453837059,1422,2,2024,3
IAD,OAK,2009,286.9115991514461,2430,1,2024,3
IAD,OMA,5455,150.4254659425693,1005,1,2024,3
IAD,ONT,14906,408.93319266125,2298,2,2024,3
IAD,PDX,535,310.99769958146834,2328,2,2024,3
IAD,PHX,8720,409.9808731636484,2029,1,2024,3
IAD,PIT,5281,226.0691477374963,999,2,2024,3
IAD,RDU,7460,244.64614446996018,1232,2,2024,3
IAD,RNO,2809,239.35091563051094,2112,2,2024,3
IAD,RSW,21230,291.8814393831952,1722,2,2024,3
IAD,SAN,3367,485.08279965402426,2312,2,2024,3
IAD,SAT,1807,317.4513924438801,1631,1,2024,3
IAD,SEA,3522,302.3425713831361,2310,1,2024,3
IAD,SFO,8710,445.94461072865556,2435,1,2024,3
IAD,SJC,2733,243.01208796244046,2418,1,2024,3
IAD,SLC,991,368.91281641936774,1838,2,2024,3
IAD,SMF,20569,469.5725195839107,2382,2,2024,3
IAD,STL,6998,117.8587896483493,847,2,2024,3
IAD,TPA,63567,171.80142142328813,1600,2,2024,3
IAD,TUS,13393,267.007638888638,1956,2,2024,3
IAH,IND,357,236.07496937655614,1103,2,2024,3
IAH,JAX,16781,384.7346846350098,1851,2,2024,3
IAH,LAS,52496,261.5249219996425,2439,2,2024,3
IAH,LAX,4481,278.1380742398178,2670,1,2024,3
IAH,MCI,23049,246.8737123775846,1328,2,2024,3
IAH,MCO,17420,395.1363666555892,1930,2,2024,3
IAH,MKE,8554,190.1747529372965,1006,2,2024,3
IAH,MSP,1512,265.24537693937583,1259,2,2024,3
IAH,MSY,258,369.00230219729326,1758,2,2024,3
IAH,OAK,45297,448.1287841824255,2766,1,2024,3
IAH,OMA,28997,187.70757371969128,1341,2,2024,3
IAH,ONT,2789,399.07612838469794,2634,2,2024,3
IAH,PDX,1138,539.8898556160542,2664,2,2024,3
IAH,PHX,4306,402.9911405387355,2365,2,2024,3
IAH,PIT,51285,189.918488234365,1335,2,2024,3
IAH,RDU,1611,193.3905112586385,1568,2,2024,3
IAH,RNO,3816,507.81126225931615,2448,2,2024,3
IAH,RSW,489,352.9737999253281,2058,2,2024,3
IAH,SAN,3561,318.33087251721264,2648,2,2024,3
IAH,SAT,2537,383.8852862296077,1967,2,2024,3
IAH,SEA,1305,407.9965141148017,2646,2,2024,3
IAH,SFO,3172,294.41578012377477,2771,2,2024,3
IAH,SJC,11043,300.9865855599818,2754,2,2024,3
IAH,SLC,20263,340.3630087169089,2174,1,2024,3
IAH,SMF,4165,562.0783857263123,2718,2,2024,3
IAH,STL,1394,199.15130972185128,1183,2,2024,3
IAH,TPA,416,402.61339059341327,1936,1,2024,3
IAH,TUS,376,441.7398611898317,2292,1,2024,3
IND,JAX,15446,247.61781007981224,1104,2,2024,3
IND,LAS,1954,229.27594482659595,1692,2,2024,3
IND,LAX,5027,332.14928909605607,1923,2,2024,3
IND,MCI,2696,127.50050788172598,581,2,2024,3
IND,MCO,1059,152.95756727451013,1183,2,2024,3
IND,MKE,3313,61.95679643340858,259,2,2024,3
IND,MSP,4527,161.9647306422504,512,2,2024,3
IND,MSY,786,201.2887733998774,1011,2,2024,3
IND,OAK,33489,353.3305219556648,2019,1,2024,3
IND,OMA,16853,155.13876173354225,594,2,2024,3
IND,ONT,6205,393.08735381287846,1887,2,2024,3
IND,PDX,725,198.65065541526587,1917,2,2024,3
IND,PHX,4747,228.54171134467103,1618,2,2024,3
IND,PIT,1771,96.25542180809501,588,2,2024,3
IND,RDU,4637,144.73777223456253,821,1,2024,3
IND,RNO,17270,318.6650216905468,1701,2,2024,3
IND,RSW,7657,256.73955212385096,1311,2,2024,3
IND,SAN,18096,294.01055672128643,1901,1,2024,3
IND,SAT,1475,266.6990033507599,1220,1,2024,3
IND,SEA,3298,265.40136918006243,1899,2,2024,3
IND,SFO,13613,291.9831835011299,2024,2,2024,3
IND,SJC,18984,290.73596932874574,2007,2,2024,3
IND,SLC,21865,231.068248673103,1427,2,2024,3
IND,SMF,2541,235.96864541954136,1971,2,2024,3
IND,STL,12991,124.48843725186644,436,2,2024,3
IND,TPA,1735,198.01783637473065,1189,2,2024,3
IND,TUS,2947,292.295358874897,1545,2,2024,3
JAX,LAS,633,510.9189833585095,2440,2,2024,3
JAX,LAX,1658,463.3794958730347,2671,2,2024,3
JAX,MCI,1981,231.34219047990481,1329,1,2024,3
JAX,MCO,3947,283.79497214588775,1931,2,2024,3
JAX,MKE,3533,141.45892811629764,1007,2,2024,3
JAX,MSP,2315,262.56014330142045,1260,2,2024,3
JAX,MSY,9357,207.01324778332256,1759,1,2024,3
JAX,OAK,2589,363.38627576547503,2767,1,2024,3
JAX,OMA,23441,313.8609103711491,1342,2,2024,3
JAX,ONT,7023,537.9142518050083,2635,2,2024,3
JAX,PDX,382,419.03002655770956,2665,2,2024,3
JAX,PHX,744,381.6602713525977,2366,2,2024,3
JAX,PIT,10505,221.3308998381672,1336,2,2024,3
JAX,RDU,8551,216.2314554661738,1569,2,2024,3
JAX,RNO,3134,315.062221095947,2449,1,2024,3
JAX,RSW,1987,340.5033104818904,2059,2,2024,3
JAX,SAN,807,388.1998515652051,2649,2,2024,3
JAX,SAT,5775,312.23440283658226,1968,2,2024,3
JAX,SEA,21036,439.891695042168,2647,2,2024,3
JAX,SFO,76123,388.8044048661271,2772,2,2024,3
JAX,SJC,213011,335.76523964870523,2755,1,2024,3
JAX,SLC,423,443.9723072011858,2175,1,2024,3
JAX,SMF,20563,302.72549114711404,2719,1,2024,3
JAX,STL,4673,153.63646555740175,1184,1,2024,3
JAX,TPA,10249,411.0161991840363,1937,2,2024,3
JAX,TUS,2317,347.9668797944506,2293,1,2024,3
LAS,LAX,21843,516.4981598253461,3259,2,2024,3
LAS,MCI,3734,260.0526615115717,1917,2,2024,3
LAS,MCO,1650,390.68569585926446,2519,2,2024,3
LAS,MKE,31705,280.4641261255023,1595,1,2024,3
LAS,MSP,3715,370.1412338172871,1848,1,2024,3
LAS,MSY,6191,384.31211316858105,2347,1,2024,3
LAS,OAK,3000,626.0225489952192,3355,2,2024,3
LAS,OMA,3215,387.9251434757666,1930,1,2024,3
LAS,ONT,9827,524.6684361160563,3223,1,2024,3
LAS,PDX,49,314.9863706744727,3253,2,2024,3
LAS,PHX,21780,507.2284143265035,2954,2,2024,3
LAS,PIT,16711,263.89138628947023,1924,2,2024,3
LAS,RDU,1575,268.2472968325976,2157,1,2024,3
LAS,RNO,14708,293.0466399059408,3037,1,2024,3
LAS,RSW,16852,343.99909989817155,2647,2,2024,3
LAS,SAN,8709,565.7172093744938,3237,1,2024,3
LAS,SAT,1541,464.7142467420048,2556,1,2024,3
LAS,SEA,7711,537.5979631732944,3235,1,2024,3
LAS,SFO,6834,349.3645250968468,3360,2,2024,3
LAS,SJC,20086,343.837819064353,3343,2,2024,3
LAS,SLC,1465,373.56877035311567,2763,2,2024,3
LAS,SMF,3248,601.7094569924166,3307,1,2024,3
LAS,STL,235,199.99764436042526,1772,2,2024,3
LAS,TPA,5555,471.4711897641874,2525,1,2024,3
LAS,TUS,361,350.57129945579135,2881,2,2024,3
LAX,MCI,1284,413.25587926163934,2148,1,2024,3
LAX,MCO,13999,363.7346931793561,2750,2,2024,3
LAX,MKE,3016,237.04713911379346,1826,2,2024,3
LAX,MSP,4413,295.3625295282605,2079,2,2024,3
LAX,MSY,6115,286.89022001065734,2578,1,2024,3
LAX,OAK,43,561.3460601519955,3586,2,2024,3
LAX,OMA,5315,234.285353905588,2161,2,2024,3
LAX,ONT,13538,630.7767690364573,3454,1,2024,3
LAX,PDX,936,534.5477222594278,3484,2,2024,3
LAX,PHX,7267,396.3825073832559,3185,2,2024,3
LAX,PIT,1880,286.2015880619453,2155,2,2024,3
LAX,RDU,1838,437.16323199801104,2388,2,2024,3
LAX,RNO,5070,309.55964468709055,3268,2,2024,3
LAX,RSW,2466,542.2246930702953,2878,2,2024,3
LAX,SAN,5091,418.35953189372697,3468,1,2024,3
LAX,SAT,1503,379.8986621949092,2787,2,2024,3
LAX,SEA,2558,640.2530635637165,3466,2,2024,3
LAX,SFO,5981,503.5491787381956,3591,1,2024,3
LAX,SJC,5393,479.768055745515,3574,1,2024,3
LAX,SLC,6006,448.1825683825694,2994,2,2024,3
LAX,SMF,1683,572.3997993431489,3538,1,2024,3
LAX,STL,17165,427.65324287133024,2003,1,2024,3
LAX,TPA,25765,556.0865482299799,2756,1,2024,3
LAX,TUS,1597,561.2523973558236,3112,2,2024,3
MCI,MCO,2511,161.7126474189089,1408,2,2024,3
MCI,MKE,4037,113.07149201680774,484,2,2024,3
MCI,MSP,9940,120.04217944901988,737,2,2024,3
MCI,MSY,1882,260.6032096701388,1236,2,2024,3
MCI,OAK,3232,433.5004754101981,2244,1,2024,3
MCI,OMA,10258,159.81995673702954,819,1,2024,3
MCI,ONT,730,264.77948135144254,2112,2,2024,3
MCI,PDX,392,248.48155316564478,2142,2,2024,3
MCI,PHX,13758,350.03446939773016,1843,2,2024,3
MCI,PIT,677,187.48464615774645,813,2,2024,3
MCI,RDU,47410,247.86442981016103,1046,2,2024,3
MCI,RNO,1783,221.86265050220575,1926,2,2024,3
MCI,RSW,3160,214.1858528087186,1536,1,2024,3
MCI,SAN,2863,333.89027360528394,2126,2,2024,3
MCI,SAT,907,251.26918188580942,1445,2,2024,3
MCI,SEA,3919,448.41731884944636,2124,2,2024,3
MCI,SFO,2719,397.3017764118159,2249,2,2024,3
MCI,SJC,11797,355.0389886291132,2232,1,2024,3
MCI,SLC,11847,198.70126825014484,1652,2,2024,3
MCI,SMF,11068,249.61389637910642,2196,2,2024,3
MCI,STL,9801,92.33989730445795,661,2,2024,3
MCI,TPA,4700,214.9517119257676,1414,2,2024,3
MCI,TUS,41196,183.96415311019103,1770,2,2024,3
MCO,MKE,5165,248.41760665738937,1086,2,2024,3
MCO,MSP,4354,298.9229985543161,1339,1,2024,3
MCO,MSY,2886,275.5394496494162,1838,2,2024,3
MCO,OAK,37698,294.6406809422506,2846,2,2024,3
MCO,OMA,3455,286.22515243416234,1421,2,2024,3
MCO,ONT,343,280.36080221464744,2714,1,2024,3
MCO,PDX,4162,557.6230239072288,2744,2,2024,3
MCO,PHX,5702,340.8398151623639,2445,2,2024,3
MCO,PIT,2297,263.3052147329648,1415,1,2024,3
MCO,RDU,2504,288.05536915231085,1648,2,2024,3
MCO,RNO,8517,357.0817871336281,2528,2,2024,3
MCO,RSW,22310,278.3331763493463,2138,2,2024,3
MCO,SAN,2839,406.0358182976632,2728,1,2024,3
MCO,SAT,8120,374.33259199447343,2047,2,2024,3
MCO,SEA,1152,304.4941854178129,2726,1,2024,3
MCO,SFO,92678,440.6361367628452,2851,2,2024,3
MCO,SJC,83951,296.8475153177024,2834,2,2024,3
MCO,SLC,4075,431.2290404148019,2254,2,2024,3
MCO,SMF,146,283.5798734991725,2798,2,2024,3
MCO,STL,40244,212.93469816385243,1263,2,2024,3
MCO,TPA,2119,428.6849813534506,2016,2,2024,3
MCO,TUS,9753,488.9571773915868,2372,1,2024,3
MKE,MSP,367,104.74975151154317,415,2,2024,3
MKE,MSY,8069,121.11173105957901,914,2,2024,3
MKE,OAK,7642,366.47322922416714,1922,2,2024,3
MKE,OMA,4151,118.57786213851858,497,1,2024,3
MKE,ONT,11875,326.5726454812358,1790,2,2024,3
MKE,PDX,579,309.2151182898558,1820,1,2024,3
MKE,PHX,2522,164.4452998642536,1521,2,2024,3
MKE,PIT,4030,156.94884634687173,491,2,2024,3
MKE,RDU,618,131.04015054767922,724,1,2024,3
MKE,RNO,9990,311.12345801729333,1604,2,2024,3
MKE,RSW,2095,212.25646710982144,1214,2,2024,3
MKE,SAN,3653,211.79886330914835,1804,2,2024,3
MKE,SAT,12318,276.1430373196375,1123,2,2024,3
MKE,SEA,3074,348.45659964113054,1802,2,2024,3
MKE,SFO,33927,403.5065998212598,1927,1,2024,3
MKE,SJC,1639,324.3461008175193,1910,2,2024,3
MKE,SLC,1444,241.30393315480424,1330,2,2024,3
MKE,SMF,13207,336.81179963265674,1874,2,2024,3
MKE,STL,4121,79.49754428726851,339,2,2024,3
MKE,TPA,964,131.94467749078387,1092,2,2024,3
MKE,TUS,2190,326.7717952063425,1448,2,2024,3
MSP,MSY,11294,199.40732849892504,1167,2,2024,3
MSP,OAK,45633,287.9850212140456,2175,2,2024,3
MSP,OMA,4717,198.13856188372407,750,1,2024,3
MSP,ONT,3037,390.87814549400895,2043,2,2024,3
MSP,PDX,16075,328.0480049817356,2073,2,2024,3
MSP,PHX,616,253.7453824726271,1774,1,2024,3
MSP,PIT,6960,120.56921496551033,744,2,2024,3
MSP,RDU,81,225.55706711021145,977,1,2024,3
MSP,RNO,5437,263.4960011802093,1857,2,2024,3
MSP,RSW,11191,185.64124056625155,1467,1,2024,3
MSP,SAN,24133,335.8078616273255,2057,2,2024,3
MSP,SAT,1893,172.58936502317317,1376,1,2024,3
MSP,SEA,3569,207.62276069475325,2055,2,2024,3
MSP,SFO,1464,460.68892446574307,2180,2,2024,3
MSP,SJC,4246,292.02620452048563,2163,2,2024,3
MSP,SLC,11177,310.39235409361055,1583,1,2024,3
MSP,SMF,720,316.87066887714724,2127,2,2024,3
MSP,STL,24191,163.81838930067374,592,2,2024,3
MSP,TPA,925,210.71354329964126,1345,1,2024,3
MSP,TUS,1646,297.9583090997739,1701,2,2024,3
MSY,OAK,34068,282.8941545245559,2674,2,2024,3
MSY,OMA,1160,264.7421341432163,1249,2,2024,3
MSY,ONT,8833,518.9894582352591,2542,2,2024,3
MSY,PDX,10702,336.13459753082793,2572,1,2024,3
MSY,PHX,423,421.91323598942273,2273,2,2024,3
MSY,PIT,80505,198.24876655690173,1243,1,2024,3
MSY,RDU,428250,309.3385882956848,1476,2,2024,3
MSY,RNO,2493,478.05063764740214,2356,2,2024,3
MSY,RSW,59599,366.8882121189048,1966,1,2024,3
MSY,SAN,14199,305.42098230931185,2556,2,2024,3
MSY,SAT,1598,266.3342999393654,1875,1,2024,3
MSY,SEA,7799,456.8809555045234,2554,2,2024,3
MSY,SFO,12977,541.496192813978,2679,2,2024,3
MSY,SJC,784,490.9726529370602,2662,1,2024,3
MSY,SLC,2257,302.0840118008613,2082,2,2024,3
MSY,SMF,413,461.4740025496316,2626,1,2024,3
MSY,STL,2361,205.7321382278433,1091,1,2024,3
MSY,TPA,4077,345.81774946372906,1844,1,2024,3
MSY,TUS,1498,264.82900971123684,2200,1,2024,3
OAK,OMA,159,258.39555981545305,2257,1,2024,3
OAK,ONT,20916,393.0896376748356,3550,2,2024,3
OAK,PDX,11416,593.8226848180699,3580,1,2024,3
OAK,PHX,2240,399.51409284176606,3281,2,2024,3
OAK,PIT,24847,456.1292718410089,2251,2,2024,3
OAK,RDU,5969,431.3462827407877,2484,2,2024,3
OAK,RNO,280,428.91872613696404,3364,2,2024,3
OAK,RSW,7446,487.0491773354443,2974,2,2024,3
OAK,SAN,1569,360.4967653792488,3564,1,2024,3
OAK,SAT,40262,367.69109296458225,2883,2,2024,3
OAK,SEA,755,355.82100453655033,3562,2,2024,3
OAK,SFO,25752,716.7754080495863,3687,2,2024,3
OAK,SJC,21561,421.3485959565662,3670,2,2024,3
OAK,SLC,35430,547.3563737210275,3090,2,2024,3
OAK,SMF,950,508.25260826011,3634,1,2024,3
OAK,STL,959,227.61813503432973,2099,2,2024,3
OAK,TPA,2855,506.11040516122074,2852,1,2024,3
OAK,TUS,1008,451.5680383227078,3208,2,2024,3
OMA,ONT,427,263.60123704445914,2125,2,2024,3
OMA,PDX,1521,282.3156136979709,2155,2,2024,3
OMA,PHX,5505,322.60314986924226,1856,2,2024,3
OMA,PIT,4476,113.40082279833476,826,1,2024,3
OMA,RDU,1776,208.81905239407163,1059,2,2024,3
OMA,RNO,2684,344.5314740409205,1939,2,2024,3
OMA,RSW,13625,298.459882965592,1549,2,2024,3
OMA,SAN,720,291.4459517259533,2139,2,2024,3
OMA,SAT,18565,327.85377572688566,1458,2,2024,3
OMA,SEA,6062,252.4645440355562,2137,1,2024,3
OMA,SFO,9226,277.11538713317174,2262,2,2024,3
OMA,SJC,6724,402.7351891655528,2245,2,2024,3
OMA,SLC,2859,291.35194319176395,1665,2,2024,3
OMA,SMF,3779,334.04888629976153,2209,1,2024,3
OMA,STL,21788,111.35695558436959,674,2,2024,3
OMA,TPA,2444,327.7904148800574,1427,2,2024,3
OMA,TUS,3894,204.33153800499107,1783,1,2024,3
ONT,PDX,3105,663.9368706771261,3448,2,2024,3
ONT,PHX,2095,547.1550818413268,3149,2,2024,3
ONT,PIT,362,356.4832479363229,2119,2,2024,3
ONT,RDU,580,422.35750145211904,2352,2,2024,3
ONT,RNO,11351,376.2868192948992,3232,1,2024,3
ONT,RSW,1245,358.44488521246217,2842,2,2024,3
ONT,SAN,1431,346.38971554070065,3432,2,2024,3
ONT,SAT,11222,470.7015829340017,2751,2,2024,3
ONT,SEA,37550,674.4864894540839,3430,1,2024,3
ONT,SFO,8536,689.2438625408591,3555,2,2024,3
ONT,SJC,8189,408.2286675194084,3538,2,2024,3
ONT,SLC,14858,452.4047974612958,2958,2,2024,3
ONT,SMF,15268,468.77771853390664,3502,1,2024,3
ONT,STL,20172,261.7502874031061,1967,2,2024,3
ONT,TPA,139859,533.0866143658022,2720,2,2024,3
ONT,TUS,2853,504.7033716947719,3076,2,2024,3
PDX,PHX,35684,545.5497912405748,3179,2,2024,3
PDX,PIT,80126,446.1256621902825,2149,2,2024,3
PDX,RDU,1277,456.6734150644952,2382,2,2024,3
PDX,RNO,2257,415.32302447934325,3262,2,2024,3
PDX,RSW,3768,293.98346173151464,2872,2,2024,3
PDX,SAN,1925,569.7632429505663,3462,2,2024,3
PDX,SAT,35172,317.564296785896,2781,2,2024,3
PDX,SEA,13202,628.6250151496067,3460,2,2024,3
PDX,SFO,6718,378.56350464800914,3585,2,2024,3
PDX,SJC,792,531.7160849974409,3568,2,2024,3
PDX,SLC,1169,402.639467212727,2988,2,2024,3
PDX,SMF,8311,448.36478150688356,3532,1,2024,3
PDX,STL,9168,423.52667321968465,1997,2,2024,3
PDX,TPA,4589,552.1007270102368,2750,1,2024,3
PDX,TUS,144,330.59002331466803,3106,2,2024,3
PHX,PIT,5246,232.58460358306786,1850,1,2024,3
PHX,RDU,355213,372.416125814185,2083,1,2024,3
PHX,RNO,7575,426.3930011542683,2963,2,2024,3
PHX,RSW,10025,297.15815447961523,2573,2,2024,3
PHX,SAN,9282,379.59294874677977,3163,2,2024,3
PHX,SAT,1016,289.482045641061,2482,2,2024,3
PHX,SEA,17436,477.3809486278084,3161,2,2024,3
PHX,SFO,15998,340.7238905941997,3286,2,2024,3
PHX,SJC,1391,346.8697607011232,3269,2,2024,3
PHX,SLC,610,415.6796904306935,2689,2,2024,3
PHX,SMF,510,383.4966689741792,3233,1,2024,3
PHX,STL,1729,302.74592904680935,1698,2,2024,3
PHX,TPA,373,389.79298393660827,2451,2,2024,3
PHX,TUS,240,488.0825566775831,2807,2,2024,3
PIT,RDU,77,246.2729086170149,1053,2,2024,3
PIT,RNO,4054,317.48787725332016,1933,2,2024,3
PIT,RSW,1006,228.0499986480338,1543,2,2024,3
PIT,SAN,5917,383.56948243486073,2133,2,2024,3
PIT,SAT,14621,193.62072465070804,1452,2,2024,3
PIT,SEA,2837,316.54778580134104,2131,2,2024,3
PIT,SFO,205617,385.74314653234427,2256,2,2024,3
PIT,SJC,761,287.64627454481507,2239,2,2024,3
PIT,SLC,6145,340.9641580118892,1659,1,2024,3
PIT,SMF,56416,432.1384112846392,2203,2,2024,3
PIT,STL,20895,138.10435340151025,668,2,2024,3
PIT,TPA,1578,305.19509663495705,1421,1,2024,3
PIT,TUS,1215,265.9410719277864,1777,1,2024,3
RDU,RNO,3667,440.52624554163776,2166,2,2024,3
RDU,RSW,14403,387.95798117343656,1776,2,2024,3
RDU,SAN,138,406.933079238723,2366,2,2024,3
RDU,SAT,24408,263.9973576807768,1685,1,2024,3
RDU,SEA,1928,382.81352176078576,2364,2,2024,3
RDU,SFO,1555,347.9919215155841,2489,2,2024,3
RDU,SJC,677,345.1353603914373,2472,2,2024,3
RDU,SLC,15493,351.0131496997478,1892,2,2024,3
RDU,SMF,27306,299.23352337952724,2436,2,2024,3
RDU,STL,2981,212.4493542890558,901,1,2024,3
RDU,TPA,3995,282.9529548965124,1654,2,2024,3
RDU,TUS,8010,386.00539627871814,2010,1,2024,3
RNO,RSW,35822,494.9703391778349,2656,2,2024,3
RNO,SAN,7459,525.8325104048337,3246,1,2024,3
RNO,SAT,1108,299.08673917196245,2565,2,2024,3
RNO,SEA,6294,626.6692884130223,3244,1,2024,3
RNO,SFO,8081,535.0165699242194,3369,2,2024,3
RNO,SJC,5369,545.362122011416,3352,2,2024,3
RNO,SLC,16556,412.92097253218043,2772,1,2024,3
RNO,SMF,1131,425.99944315190413,3316,2,2024,3
RNO,STL,1516,229.94540851139067,1781,2,2024,3
RNO,TPA,4129,301.08707875127163,2534,2,2024,3
RNO,TUS,15615,498.747806712583,2890,2,2024,3
RSW,SAN,8679,525.063953965285,2856,2,2024,3
RSW,SAT,18929,389.9588999083112,2175,2,2024,3
RSW,SEA,5220,376.6275130662546,2854,2,2024,3
RSW,SFO,9250,347.4750119079946,2979,2,2024,3
RSW,SJC,8081,369.6429002532935,2962,2,2024,3
RSW,SLC,518,454.03948674644374,2382,1,2024,3
RSW,SMF,1418,309.1463759475441,2926,2,2024,3
RSW,STL,9658,215.76550209301655,1391,2,2024,3
RSW,TPA,6816,224.67805252220168,2144,2,2024,3
RSW,TUS,385,335.44765681114626,2500,1,2024,3
SAN,SAT,2461,542.4494959796965,2765,1,2024,3
SAN,SEA,12093,630.2148551002741,3444,1,2024,3
SAN,SFO,8155,360.5297268258501,3569,2,2024,3
SAN,SJC,403,713.9380940437874,3552,2,2024,3
SAN,SLC,12553,563.7732663379037,2972,1,2024,3
SAN,SMF,10110,421.5176170579368,3516,2,2024,3
SAN,STL,877,206.56590146376521,1981,2,2024,3
SAN,TPA,2797,501.7086063732203,2734,2,2024,3
SAN,TUS,20439,372.66660021915806,3090,2,2024,3
SAT,SEA,563,500.4093425029466,2763,2,2024,3
SAT,SFO,7206,456.32804822288364,2888,2,2024,3
SAT,SJC,20724,548.9929636436055,2871,2,2024,3
SAT,SLC,5013,424.14541270713534,2291,2,2024,3
SAT,SMF,4181,493.9610475302787,2835,2,2024,3
SAT,STL,8538,297.1644097691792,1300,1,2024,3
SAT,TPA,494,288.5136385754745,2053,2,2024,3
SAT,TUS,10309,398.25847112952226,2409,2,2024,3
SEA,SFO,15221,508.5444370510993,3567,2,2024,3
SEA,SJC,824,691.796308519378,3550,2,2024,3
SEA,SLC,37237,447.156863153603,2970,2,2024,3
SEA,SMF,18393,434.0543556167787,3514,2,2024,3
SEA,STL,30175,347.49210012491426,1979,2,2024,3
SEA,TPA,9385,402.07374828531573,2732,2,2024,3
SEA,TUS,1078,576.1224792545077,3088,2,2024,3
SFO,SJC,41515,672.9272741755389,3675,1,2024,3
SFO,SLC,14523,618.9253999326454,3095,2,2024,3
SFO,SMF,90,400.51468538513393,3639,2,2024,3
SFO,STL,2585,278.7685986864977,2104,1,2024,3
SFO,TPA,56150,386.53088302313967,2857,2,2024,3
SFO,TUS,42706,315.9530515566871,3213,2,2024,3
SJC,SLC,5405,589.1078717160374,3078,1,2024,3
SJC,SMF,1293,594.7678140531881,3622,2,2024,3
SJC,STL,10372,279.17354662373185,2087,1,2024,3
SJC,TPA,1207,585.3364570258624,2840,2,2024,3
SJC,TUS,5897,641.0486664482665,3196,2,2024,3
SLC,SMF,13809,571.8879093634744,3042,2,2024,3
SLC,STL,1859,341.7065671458469,1507,1,2024,3
SLC,TPA,3004,443.91058536336453,2260,1,2024,3
SLC,TUS,2962,275.4248134567146,2616,2,2024,3
SMF,STL,1316,261.61983511711645,2051,2,2024,3
SMF,TPA,1931,322.32156489047253,2804,2,2024,3
SMF,TUS,2631,634.5556493311667,3160,1,2024,3
STL,TPA,3677,186.64270117657773,1269,1,2024,3
STL,TUS,8281,235.44576793606475,1625,2,2024,3
TPA,TUS,1942,303.5579617140661,2378,2,2024,3
